{
  "$schema": "https://schema.management.azure.com/schemas/2015-01-01/deploymentParameters.json#",
  "contentVersion": "1.0.0.0",
  "parameters": {
    "location": {
      "value": "southcentralus"
    },
    "workspaceName": {
      "value": "PisGym"
    },
    "computeInstanceName": {
      "value": "pi4"
    },
    "disableLocalAuth": {
      "value": true
    },
    "maxNodeCount": {
      "value": 1
    },
    "minNodeCount": {
      "value": 0
    },
    "nodeIdleTimeBeforeScaleDown": {
      "value": "PT120S"
    },
    "remoteLoginPortPublicAccess": {
      "value": "Disabled"
    },
    "vmSize": {
      "value": "Standard_E4ds_v4"
    },
    "vmPriority": {
      "value": "Dedicated"
    }
  }
}